model,stsb_dataset_name,cosine_pearson,cosine_spearman,euclidean_pearson,euclidean_spearman,manhattan_pearson,manhattan_spearman,dot_pearson,dot_spearman
stsb-xlm-r-multilingual,/Users/clementow/repos/translate_selenium/data/sts-benchmark/sts-test-translate.csv,0.6066661383635742,0.6336716063761837,0.6568476589348288,0.6547674098841517,0.6553897770740862,0.6527041739143056,0.5725418935268785,0.5759276929278584
paraphrase-xlm-r-multilingual-v1,/Users/clementow/repos/translate_selenium/data/sts-benchmark/sts-test-translate.csv,0.55712495376151,0.6026660561913397,0.5409804022134519,0.5645928891772056,0.5371013467723617,0.5619784497974991,0.5410748635177083,0.553117320960949
distiluse-base-multilingual-cased-v2,/Users/clementow/repos/translate_selenium/data/sts-benchmark/sts-test-translate.csv,0.5023628673524578,0.5474150773033309,0.5244051417470598,0.5478200849612092,0.5127752381081248,0.5412613679873963,0.4931693073277997,0.5128510877857555
LaBSE,/Users/clementow/repos/translate_selenium/data/sts-benchmark/sts-test-translate.csv,0.4690390400093464,0.5318675905362893,0.5104659469160472,0.5318670751253087,0.50120438990551,0.5271584545004778,0.4690390455163977,0.5318675905362893
