model,stsb_dataset_name,cosine_pearson,cosine_spearman,euclidean_pearson,euclidean_spearman,manhattan_pearson,manhattan_spearman,dot_pearson,dot_spearman
paraphrase-multilingual-mpnet-base-v2,../data/sts-test-th.csv,0.5702957519372016,0.6192682373584009,0.6325718823332043,0.6372122706291574,0.6338472351482938,0.6390485997760664,0.5473878426751826,0.5621681455931237
paraphrase-multilingual-MiniLM-L12-v2,../data/sts-test-th.csv,0.5606769087325556,0.6000013617198022,0.6146619144806599,0.6189824797667633,0.6157878408787554,0.6205912721463424,0.49428301853355683,0.49259363288965646
