model,stsb_dataset_name,cosine_pearson,cosine_spearman,euclidean_pearson,euclidean_spearman,manhattan_pearson,manhattan_spearman,dot_pearson,dot_spearman
stsb-xlm-r-multilingual,data/sts-test-ml.csv,0.6066661383635742,0.6336716063761837,0.6568476589348288,0.6547674098841517,0.6553897770740862,0.6527041739143056,0.5725418935268785,0.5759276929278584
paraphrase-xlm-r-multilingual-v1,data/sts-test-ml.csv,0.55712495376151,0.6026660561913397,0.5409804022134519,0.5645928891772056,0.5371013467723617,0.5619784497974991,0.5410748635177083,0.553117320960949
distiluse-base-multilingual-cased-v2,data/sts-test-ml.csv,0.5023628673524578,0.5474150773033309,0.5244051417470598,0.5478200849612092,0.5127752381081248,0.5412613679873963,0.4931693073277997,0.5128510877857555
LaBSE,data/sts-test-ml.csv,0.4690390400093464,0.5318675905362893,0.5104659469160472,0.5318670751253087,0.50120438990551,0.5271584545004778,0.4690390455163977,0.5318675905362893
stsb-xlm-r-multilingual,data/sts-test.csv,0.8379037656368796,0.8503663468095377,0.8486955526705832,0.8507974882663963,0.8485904074664885,0.8503935755714369,0.7849950367741175,0.779126105102235
paraphrase-xlm-r-multilingual-v1,data/sts-test.csv,0.8354859649881682,0.8349527193541164,0.7835913406424921,0.7850467982456294,0.7802250555622317,0.7814349247334346,0.7608324456799839,0.751156034047089
distiluse-base-multilingual-cased-v2,data/sts-test.csv,0.816839489570389,0.807547875467642,0.8067588331510429,0.802296669116562,0.797927592304428,0.7941562131296505,0.8035764475671432,0.7898740366878597
LaBSE,data/sts-test.csv,0.7269141522746702,0.7225055380332865,0.7259610556258729,0.7225071988019981,0.7259287828114757,0.7210257106454729,0.7269141761027411,0.7225055380332865
